LicenseId,LicenseName,LicenseScore,PackageName,PackageVersion,LicenseReferenceType,LicenseReference,LicenseState,LicenseStateLastUpdateDate,LicenseStateLastUpdateUser,LicenseStateLastUpdateComment
24,"Eclipse 1.0",5,"junit:junit","4.13.1","PomFile","https://mvnrepository.com/artifact/junit/junit/4.13.1","Effective",2026-04-28T07:50:46.101Z,"System","Checkmarx automatically marked this license as Effective because it is the sole license for this package and it was identified by a reliable source."
25,"Eclipse 2.0",5,"org.aspectj:aspectjweaver","1.9.24","LicenseFileInJar","https://mvnrepository.com/artifact/org.aspectj/aspectjweaver/1.9.24","Effective",2026-04-28T07:50:46.101Z,"System","Checkmarx automatically marked this license as Effective because it is the sole license for this package and it was identified by a reliable source."
25,"Eclipse 2.0",5,"org.junit.jupiter:junit-jupiter","5.11.4","PomFile","https://mvnrepository.com/artifact/org.junit.jupiter/junit-jupiter/5.11.4","Effective",2026-04-28T07:50:46.101Z,"System","Checkmarx automatically marked this license as Effective because it is the sole license for this package and it was identified by a reliable source."
25,"Eclipse 2.0",5,"org.junit.jupiter:junit-jupiter-api","5.11.4","LicenseFileInJar","https://mvnrepository.com/artifact/org.junit.jupiter/junit-jupiter-api/5.11.4","Effective",2026-04-28T07:50:46.101Z,"System","Checkmarx automatically marked this license as Effective because it is the sole license for this package and it was identified by a reliable source."
25,"Eclipse 2.0",5,"org.junit.jupiter:junit-jupiter-engine","5.11.4","LicenseFileInJar","https://mvnrepository.com/artifact/org.junit.jupiter/junit-jupiter-engine/5.11.4","Effective",2026-04-28T07:50:46.101Z,"System","Checkmarx automatically marked this license as Effective because it is the sole license for this package and it was identified by a reliable source."
25,"Eclipse 2.0",5,"org.junit.jupiter:junit-jupiter-params","5.11.4","LicenseFileInJar","https://mvnrepository.com/artifact/org.junit.jupiter/junit-jupiter-params/5.11.4","Effective",2026-04-28T07:50:46.101Z,"System","Checkmarx automatically marked this license as Effective because it is the sole license for this package and it was identified by a reliable source."
25,"Eclipse 2.0",5,"org.junit.platform:junit-platform-commons","1.10.2","LicenseFileInJar","https://mvnrepository.com/artifact/org.junit.platform/junit-platform-commons/1.10.2","Effective",2026-04-28T07:50:46.101Z,"System","Checkmarx automatically marked this license as Effective because it is the sole license for this package and it was identified by a reliable source."
25,"Eclipse 2.0",5,"org.junit.platform:junit-platform-engine","1.10.2","LicenseFileInJar","https://mvnrepository.com/artifact/org.junit.platform/junit-platform-engine/1.10.2","Effective",2026-04-28T07:50:46.101Z,"System","Checkmarx automatically marked this license as Effective because it is the sole license for this package and it was identified by a reliable source."
25,"Eclipse 2.0",5,"org.junit.vintage:junit-vintage-engine","5.14.4","LicenseFileInJar","https://mvnrepository.com/artifact/org.junit.vintage/junit-vintage-engine/5.14.4","Effective",2026-04-28T07:50:46.101Z,"System","Checkmarx automatically marked this license as Effective because it is the sole license for this package and it was identified by a reliable source."
11,"LGPL 2.1",5,"org.hibernate.common:hibernate-commons-annotations","6.0.6.Final","LicenseFileInJar","https://mvnrepository.com/artifact/org.hibernate.common/hibernate-commons-annotations/6.0.6.Final","Effective",2026-04-28T07:50:46.101Z,"System","Checkmarx automatically marked this license as Effective because it is the sole license for this package and it was identified by a reliable source."
11,"LGPL 2.1",5,"org.hibernate.orm:hibernate-core","6.5.2.Final","LicenseFileInJar","https://mvnrepository.com/artifact/org.hibernate.orm/hibernate-core/6.5.2.Final","Effective",2026-04-28T07:50:46.101Z,"System","Checkmarx automatically marked this license as Effective because it is the sole license for this package and it was identified by a reliable source."
1,"Apache 2.0",3,"com.fasterxml:classmate","1.7.0","PomFile","https://mvnrepository.com/artifact/com.fasterxml/classmate/1.7.0","Effective",2026-04-28T07:50:46.101Z,"System","Checkmarx automatically marked this license as Effective because it is the sole license for this package and it was identified by a reliable source."
1,"Apache 2.0",3,"com.fasterxml.jackson.core:jackson-annotations","2.18.6","PomFile","https://mvnrepository.com/artifact/com.fasterxml.jackson.core/jackson-annotations/2.18.6","Effective",2026-04-28T07:50:46.101Z,"System","Checkmarx automatically marked this license as Effective because it is the sole license for this package and it was identified by a reliable source."
1,"Apache 2.0",3,"com.fasterxml.jackson.core:jackson-core","2.18.6","LicenseFileInJar","https://mvnrepository.com/artifact/com.fasterxml.jackson.core/jackson-core/2.18.6","Effective",2026-04-28T07:50:46.101Z,"System","Checkmarx automatically marked this license as Effective because it is the sole license for this package and it was identified by a reliable source."
1,"Apache 2.0",3,"com.fasterxml.jackson.core:jackson-databind","2.18.6","PomFile","https://mvnrepository.com/artifact/com.fasterxml.jackson.core/jackson-databind/2.18.6","Effective",2026-04-28T07:50:46.101Z,"System","Checkmarx automatically marked this license as Effective because it is the sole license for this package and it was identified by a reliable source."
1,"Apache 2.0",3,"com.fasterxml.jackson.datatype:jackson-datatype-jdk8","2.18.4","PomFile","https://mvnrepository.com/artifact/com.fasterxml.jackson.datatype/jackson-datatype-jdk8/2.18.4","Effective",2026-04-28T07:50:46.101Z,"System","Checkmarx automatically marked this license as Effective because it is the sole license for this package and it was identified by a reliable source."
1,"Apache 2.0",3,"com.fasterxml.jackson.datatype:jackson-datatype-jsr310","2.18.4","LicenseFileInJar","https://mvnrepository.com/artifact/com.fasterxml.jackson.datatype/jackson-datatype-jsr310/2.18.4","Effective",2026-04-28T07:50:46.101Z,"System","Checkmarx automatically marked this license as Effective because it is the sole license for this package and it was identified by a reliable source."
1,"Apache 2.0",3,"com.fasterxml.jackson.module:jackson-module-parameter-names","2.18.4","PomFile","https://mvnrepository.com/artifact/com.fasterxml.jackson.module/jackson-module-parameter-names/2.18.4","Effective",2026-04-28T07:50:46.101Z,"System","Checkmarx automatically marked this license as Effective because it is the sole license for this package and it was identified by a reliable source."
1,"Apache 2.0",3,"com.fasterxml.jackson.module:jackson-modules-java8","2.13.2","PomFile","https://mvnrepository.com/artifact/com.fasterxml.jackson.module/jackson-modules-java8/2.13.2","Effective",2026-04-28T07:50:46.101Z,"System","Checkmarx automatically marked this license as Effective because it is the sole license for this package and it was identified by a reliable source."
1,"Apache 2.0",3,"com.google.android:annotations","4.1.1.4","LicenseFileInJar","https://mvnrepository.com/artifact/com.google.android/annotations/4.1.1.4","Effective",2026-04-28T07:50:46.101Z,"System","Checkmarx automatically marked this license as Effective because it is the sole license for this package and it was identified by a reliable source."
1,"Apache 2.0",3,"com.google.api.grpc:proto-google-common-protos","2.59.2","LicenseFileInJar","https://mvnrepository.com/artifact/com.google.api.grpc/proto-google-common-protos/2.59.2","Effective",2026-04-28T07:50:46.101Z,"System","Checkmarx automatically marked this license as Effective because it is the sole license for this package and it was identified by a reliable source."
1,"Apache 2.0",3,"com.google.code.findbugs:jsr305","3.0.2","PomFile","https://mvnrepository.com/artifact/com.google.code.findbugs/jsr305/3.0.2","Effective",2026-04-28T07:50:46.101Z,"System","Checkmarx automatically marked this license as Effective because it is the sole license for this package and it was identified by a reliable source."
1,"Apache 2.0",3,"com.google.code.gson:gson","2.13.1","LicenseFileInJar","https://mvnrepository.com/artifact/com.google.code.gson/gson/2.13.1","Effective",2026-04-28T07:50:46.101Z,"System","Checkmarx automatically marked this license as Effective because it is the sole license for this package and it was identified by a reliable source."
1,"Apache 2.0",3,"com.google.errorprone:error_prone_annotations","2.36.0","LicenseFileInJar","https://mvnrepository.com/artifact/com.google.errorprone/error_prone_annotations/2.36.0","Effective",2026-04-28T07:50:46.101Z,"System","Checkmarx automatically marked this license as Effective because it is the sole license for this package and it was identified by a reliable source."
1,"Apache 2.0",3,"com.google.guava:failureaccess","1.0.3","LicenseFileInJar","https://mvnrepository.com/artifact/com.google.guava/failureaccess/1.0.3","Effective",2026-04-28T07:50:46.101Z,"System","Checkmarx automatically marked this license as Effective because it is the sole license for this package and it was identified by a reliable source."
1,"Apache 2.0",3,"com.google.guava:guava","33.5.0-jre","LicenseFileInJar","https://mvnrepository.com/artifact/com.google.guava/guava/33.5.0-jre","Effective",2026-04-28T07:50:46.101Z,"System","Checkmarx automatically marked this license as Effective because it is the sole license for this package and it was identified by a reliable source."
1,"Apache 2.0",3,"com.google.guava:listenablefuture","9999.0-empty-to-avoid-conflict-with-guava","PomFile","https://mvnrepository.com/artifact/com.google.guava/listenablefuture/9999.0-empty-to-avoid-conflict-with-guava","Effective",2026-04-28T07:50:46.101Z,"System","Checkmarx automatically marked this license as Effective because it is the sole license for this package and it was identified by a reliable source."
1,"Apache 2.0",3,"com.jayway.jsonpath:json-path","2.9.0","LicenseFileInJar","https://mvnrepository.com/artifact/com.jayway.jsonpath/json-path/2.9.0","Effective",2026-04-28T07:50:46.101Z,"System","Checkmarx automatically marked this license as Effective because it is the sole license for this package and it was identified by a reliable source."
1,"Apache 2.0",3,"commons-codec:commons-codec","1.17.2","LicenseFileInJar","https://mvnrepository.com/artifact/commons-codec/commons-codec/1.17.2","Effective",2026-04-28T07:50:46.101Z,"System","Checkmarx automatically marked this license as Effective because it is the sole license for this package and it was identified by a reliable source."
1,"Apache 2.0",3,"commons-logging:commons-logging","1.2","LicenseFileInJar","https://mvnrepository.com/artifact/commons-logging/commons-logging/1.2","Effective",2026-04-28T07:50:46.101Z,"System","Checkmarx automatically marked this license as Effective because it is the sole license for this package and it was identified by a reliable source."
1,"Apache 2.0",3,"com.vaadin.external.google:android-json","0.0.20131108.vaadin1","LicenseFileInJar","https://mvnrepository.com/artifact/com.vaadin.external.google/android-json/0.0.20131108.vaadin1","Effective",2026-04-28T07:50:46.101Z,"System","Checkmarx automatically marked this license as Effective because it is the sole license for this package and it was identified by a reliable source."
1,"Apache 2.0",3,"com.zaxxer:HikariCP","5.1.0","LicenseFileInJar","https://mvnrepository.com/artifact/com.zaxxer/HikariCP/5.1.0","Effective",2026-04-28T07:50:46.101Z,"System","Checkmarx automatically marked this license as Effective because it is the sole license for this package and it was identified by a reliable source."
1,"Apache 2.0",3,"io.grpc:grpc-api","1.63.0","LicenseFileInJar","https://mvnrepository.com/artifact/io.grpc/grpc-api/1.63.0","Effective",2026-04-28T07:50:46.101Z,"System","Checkmarx automatically marked this license as Effective because it is the sole license for this package and it was identified by a reliable source."
1,"Apache 2.0",3,"io.grpc:grpc-context","1.63.0","PomFile","https://mvnrepository.com/artifact/io.grpc/grpc-context/1.63.0","Effective",2026-04-28T07:50:46.101Z,"System","Checkmarx automatically marked this license as Effective because it is the sole license for this package and it was identified by a reliable source."
1,"Apache 2.0",3,"io.grpc:grpc-core","1.76.0","LicenseFileInJar","https://mvnrepository.com/artifact/io.grpc/grpc-core/1.76.0","Effective",2026-04-28T07:50:46.101Z,"System","Checkmarx automatically marked this license as Effective because it is the sole license for this package and it was identified by a reliable source."
1,"Apache 2.0",3,"io.grpc:grpc-inprocess","1.63.0","LicenseFileInJar","https://mvnrepository.com/artifact/io.grpc/grpc-inprocess/1.63.0","Effective",2026-04-28T07:50:46.101Z,"System","Checkmarx automatically marked this license as Effective because it is the sole license for this package and it was identified by a reliable source."
1,"Apache 2.0",3,"io.grpc:grpc-netty-shaded","1.76.0","PomFile","https://mvnrepository.com/artifact/io.grpc/grpc-netty-shaded/1.76.0","Effective",2026-04-28T07:50:46.101Z,"System","Checkmarx automatically marked this license as Effective because it is the sole license for this package and it was identified by a reliable source."
1,"Apache 2.0",3,"io.grpc:grpc-protobuf","1.76.0","LicenseFileInJar","https://mvnrepository.com/artifact/io.grpc/grpc-protobuf/1.76.0","Effective",2026-04-28T07:50:46.101Z,"System","Checkmarx automatically marked this license as Effective because it is the sole license for this package and it was identified by a reliable source."
1,"Apache 2.0",3,"io.grpc:grpc-protobuf-lite","1.76.0","LicenseFileInJar","https://mvnrepository.com/artifact/io.grpc/grpc-protobuf-lite/1.76.0","Effective",2026-04-28T07:50:46.101Z,"System","Checkmarx automatically marked this license as Effective because it is the sole license for this package and it was identified by a reliable source."
1,"Apache 2.0",3,"io.grpc:grpc-services","1.63.0","LicenseFileInJar","https://mvnrepository.com/artifact/io.grpc/grpc-services/1.63.0","Effective",2026-04-28T07:50:46.101Z,"System","Checkmarx automatically marked this license as Effective because it is the sole license for this package and it was identified by a reliable source."
1,"Apache 2.0",3,"io.grpc:grpc-stub","1.76.0","LicenseFileInJar","https://mvnrepository.com/artifact/io.grpc/grpc-stub/1.76.0","Effective",2026-04-28T07:50:46.101Z,"System","Checkmarx automatically marked this license as Effective because it is the sole license for this package and it was identified by a reliable source."
1,"Apache 2.0",3,"io.grpc:grpc-util","1.63.0","LicenseFileInJar","https://mvnrepository.com/artifact/io.grpc/grpc-util/1.63.0","Effective",2026-04-28T07:50:46.101Z,"System","Checkmarx automatically marked this license as Effective because it is the sole license for this package and it was identified by a reliable source."
1,"Apache 2.0",3,"io.hypersistence:hypersistence-utils-hibernate-63","3.8.2","PomFile","https://mvnrepository.com/artifact/io.hypersistence/hypersistence-utils-hibernate-63/3.8.2","Effective",2026-04-28T07:50:46.101Z,"System","Checkmarx automatically marked this license as Effective because it is the sole license for this package and it was identified by a reliable source."
1,"Apache 2.0",3,"io.micrometer:micrometer-commons","1.14.7","LicenseFileInJar","https://mvnrepository.com/artifact/io.micrometer/micrometer-commons/1.14.7","Effective",2026-04-28T07:50:46.101Z,"System","Checkmarx automatically marked this license as Effective because it is the sole license for this package and it was identified by a reliable source."
1,"Apache 2.0",3,"io.micrometer:micrometer-core","1.14.7","LicenseFileInJar","https://mvnrepository.com/artifact/io.micrometer/micrometer-core/1.14.7","Effective",2026-04-28T07:50:46.101Z,"System","Checkmarx automatically marked this license as Effective because it is the sole license for this package and it was identified by a reliable source."
1,"Apache 2.0",3,"io.micrometer:micrometer-jakarta9","1.14.7","LicenseFileInJar","https://mvnrepository.com/artifact/io.micrometer/micrometer-jakarta9/1.14.7","Effective",2026-04-28T07:50:46.101Z,"System","Checkmarx automatically marked this license as Effective because it is the sole license for this package and it was identified by a reliable source."
1,"Apache 2.0",3,"io.micrometer:micrometer-observation","1.14.7","LicenseFileInJar","https://mvnrepository.com/artifact/io.micrometer/micrometer-observation/1.14.7","Effective",2026-04-28T07:50:46.101Z,"System","Checkmarx automatically marked this license as Effective because it is the sole license for this package and it was identified by a reliable source."
1,"Apache 2.0",3,"io.netty:netty-buffer","4.2.10.Final","LicenseFileInJar","https://mvnrepository.com/artifact/io.netty/netty-buffer/4.2.10.Final","Effective",2026-04-28T07:50:46.101Z,"System","Checkmarx automatically marked this license as Effective because it is the sole license for this package and it was identified by a reliable source."
1,"Apache 2.0",3,"io.netty:netty-codec-base","4.2.10.Final","PomFile","https://mvnrepository.com/artifact/io.netty/netty-codec-base/4.2.10.Final","Effective",2026-04-28T07:50:46.101Z,"System","Checkmarx automatically marked this license as Effective because it is the sole license for this package and it was identified by a reliable source."
1,"Apache 2.0",3,"io.netty:netty-common","4.2.0.RC3","LicenseFileInJar","https://mvnrepository.com/artifact/io.netty/netty-common/4.2.0.RC3","Effective",2026-04-28T07:50:46.101Z,"System","Checkmarx automatically marked this license as Effective because it is the sole license for this package and it was identified by a reliable source."
1,"Apache 2.0",3,"io.netty:netty-handler","4.2.10.Final","LicenseFileInJar","https://mvnrepository.com/artifact/io.netty/netty-handler/4.2.10.Final","Effective",2026-04-28T07:50:46.101Z,"System","Checkmarx automatically marked this license as Effective because it is the sole license for this package and it was identified by a reliable source."
1,"Apache 2.0",3,"io.netty:netty-resolver","4.2.10.Final","LicenseFileInJar","https://mvnrepository.com/artifact/io.netty/netty-resolver/4.2.10.Final","Effective",2026-04-28T07:50:46.101Z,"System","Checkmarx automatically marked this license as Effective because it is the sole license for this package and it was identified by a reliable source."
1,"Apache 2.0",3,"io.netty:netty-transport","4.2.10.Final","LicenseFileInJar","https://mvnrepository.com/artifact/io.netty/netty-transport/4.2.10.Final","Effective",2026-04-28T07:50:46.101Z,"System","Checkmarx automatically marked this license as Effective because it is the sole license for this package and it was identified by a reliable source."
1,"Apache 2.0",3,"io.netty:netty-transport-native-unix-common","4.2.10.Final","LicenseFileInJar","https://mvnrepository.com/artifact/io.netty/netty-transport-native-unix-common/4.2.10.Final","Effective",2026-04-28T07:50:46.101Z,"System","Checkmarx automatically marked this license as Effective because it is the sole license for this package and it was identified by a reliable source."
1,"Apache 2.0",3,"io.perfmark:perfmark-api","0.27.0","LicenseFileInJar","https://mvnrepository.com/artifact/io.perfmark/perfmark-api/0.27.0","Effective",2026-04-28T07:50:46.101Z,"System","Checkmarx automatically marked this license as Effective because it is the sole license for this package and it was identified by a reliable source."
1,"Apache 2.0",3,"io.smallrye:jandex","3.1.2","PomFile","https://mvnrepository.com/artifact/io.smallrye/jandex/3.1.2","Effective",2026-04-28T07:50:46.101Z,"System","Checkmarx automatically marked this license as Effective because it is the sole license for this package and it was identified by a reliable source."
1,"Apache 2.0",3,"jakarta.inject:jakarta.inject-api","2.0.1","LicenseFileInJar","https://mvnrepository.com/artifact/jakarta.inject/jakarta.inject-api/2.0.1","Effective",2026-04-28T07:50:46.101Z,"System","Checkmarx automatically marked this license as Effective because it is the sole license for this package and it was identified by a reliable source."
1,"Apache 2.0",3,"jakarta.validation:jakarta.validation-api","3.0.2","LicenseFileInJar","https://mvnrepository.com/artifact/jakarta.validation/jakarta.validation-api/3.0.2","Effective",2026-04-28T07:50:46.101Z,"System","Checkmarx automatically marked this license as Effective because it is the sole license for this package and it was identified by a reliable source."
1,"Apache 2.0",3,"net.bytebuddy:byte-buddy","1.15.11","LicenseFileInJar","https://mvnrepository.com/artifact/net.bytebuddy/byte-buddy/1.15.11","Effective",2026-04-28T07:50:46.101Z,"System","Checkmarx automatically marked this license as Effective because it is the sole license for this package and it was identified by a reliable source."
1,"Apache 2.0",3,"net.bytebuddy:byte-buddy-agent","1.15.11","LicenseFileInJar","https://mvnrepository.com/artifact/net.bytebuddy/byte-buddy-agent/1.15.11","Effective",2026-04-28T07:50:46.101Z,"System","Checkmarx automatically marked this license as Effective because it is the sole license for this package and it was identified by a reliable source."
1,"Apache 2.0",3,"net.devh:grpc-client-spring-boot-starter","3.1.0.RELEASE","LicenseFileInJar","https://mvnrepository.com/artifact/net.devh/grpc-client-spring-boot-starter/3.1.0.RELEASE","Effective",2026-04-28T07:50:46.101Z,"System","Checkmarx automatically marked this license as Effective because it is the sole license for this package and it was identified by a reliable source."
1,"Apache 2.0",3,"net.devh:grpc-common-spring-boot","3.1.0.RELEASE","LicenseFileInJar","https://mvnrepository.com/artifact/net.devh/grpc-common-spring-boot/3.1.0.RELEASE","Effective",2026-04-28T07:50:46.101Z,"System","Checkmarx automatically marked this license as Effective because it is the sole license for this package and it was identified by a reliable source."
1,"Apache 2.0",3,"net.devh:grpc-server-spring-boot-starter","3.1.0.RELEASE","LicenseFileInJar","https://mvnrepository.com/artifact/net.devh/grpc-server-spring-boot-starter/3.1.0.RELEASE","Effective",2026-04-28T07:50:46.101Z,"System","Checkmarx automatically marked this license as Effective because it is the sole license for this package and it was identified by a reliable source."
1,"Apache 2.0",3,"net.minidev:accessors-smart","2.5.2","PomFile","https://mvnrepository.com/artifact/net.minidev/accessors-smart/2.5.2","Effective",2026-04-28T07:50:46.101Z,"System","Checkmarx automatically marked this license as Effective because it is the sole license for this package and it was identified by a reliable source."
1,"Apache 2.0",3,"net.minidev:json-smart","2.5.2","PomFile","https://mvnrepository.com/artifact/net.minidev/json-smart/2.5.2","Effective",2026-04-28T07:50:46.101Z,"System","Checkmarx automatically marked this license as Effective because it is the sole license for this package and it was identified by a reliable source."
1,"Apache 2.0",3,"org.apache.commons:commons-lang3","3.18.0","LicenseFileInJar","https://mvnrepository.com/artifact/org.apache.commons/commons-lang3/3.18.0","Effective",2026-04-28T07:50:46.101Z,"System","Checkmarx automatically marked this license as Effective because it is the sole license for this package and it was identified by a reliable source."
1,"Apache 2.0",3,"org.apache.httpcomponents:httpclient","4.5.13","LicenseFileInJar","https://mvnrepository.com/artifact/org.apache.httpcomponents/httpclient/4.5.13","Effective",2026-04-28T07:50:46.101Z,"System","Checkmarx automatically marked this license as Effective because it is the sole license for this package and it was identified by a reliable source."
1,"Apache 2.0",3,"org.apache.httpcomponents:httpcore","4.4.16","LicenseFileInJar","https://mvnrepository.com/artifact/org.apache.httpcomponents/httpcore/4.4.16","Effective",2026-04-28T07:50:46.101Z,"System","Checkmarx automatically marked this license as Effective because it is the sole license for this package and it was identified by a reliable source."
1,"Apache 2.0",3,"org.apache.tomcat.embed:tomcat-embed-core","10.1.54","LicenseFileInJar","https://mvnrepository.com/artifact/org.apache.tomcat.embed/tomcat-embed-core/10.1.54","Effective",2026-04-28T07:50:46.101Z,"System","Checkmarx automatically marked this license as Effective because it is the sole license for this package and it was identified by a reliable source."
1,"Apache 2.0",3,"org.apache.tomcat.embed:tomcat-embed-el","10.1.41","LicenseFileInJar","https://mvnrepository.com/artifact/org.apache.tomcat.embed/tomcat-embed-el/10.1.41","Effective",2026-04-28T07:50:46.101Z,"System","Checkmarx automatically marked this license as Effective because it is the sole license for this package and it was identified by a reliable source."
1,"Apache 2.0",3,"org.apache.tomcat.embed:tomcat-embed-websocket","10.1.41","LicenseFileInJar","https://mvnrepository.com/artifact/org.apache.tomcat.embed/tomcat-embed-websocket/10.1.41","Effective",2026-04-28T07:50:46.101Z,"System","Checkmarx automatically marked this license as Effective because it is the sole license for this package and it was identified by a reliable source."
1,"Apache 2.0",3,"org.apiguardian:apiguardian-api","1.1.2","LicenseFileInJar","https://mvnrepository.com/artifact/org.apiguardian/apiguardian-api/1.1.2","Effective",2026-04-28T07:50:46.101Z,"System","Checkmarx automatically marked this license as Effective because it is the sole license for this package and it was identified by a reliable source."
1,"Apache 2.0",3,"org.assertj:assertj-core","3.27.7","LicenseFileInJar","https://mvnrepository.com/artifact/org.assertj/assertj-core/3.27.7","Effective",2026-04-28T07:50:46.101Z,"System","Checkmarx automatically marked this license as Effective because it is the sole license for this package and it was identified by a reliable source."
1,"Apache 2.0",3,"org.awaitility:awaitility","4.2.2","LicenseFileInJar","https://mvnrepository.com/artifact/org.awaitility/awaitility/4.2.2","Effective",2026-04-28T07:50:46.101Z,"System","Checkmarx automatically marked this license as Effective because it is the sole license for this package and it was identified by a reliable source."
1,"Apache 2.0",3,"org.hibernate.validator:hibernate-validator","8.0.2.Final","LicenseFileInJar","https://mvnrepository.com/artifact/org.hibernate.validator/hibernate-validator/8.0.2.Final","Effective",2026-04-28T07:50:46.101Z,"System","Checkmarx automatically marked this license as Effective because it is the sole license for this package and it was identified by a reliable source."
1,"Apache 2.0",3,"org.jboss.logging:jboss-logging","3.6.1.Final","LicenseFileInJar","https://mvnrepository.com/artifact/org.jboss.logging/jboss-logging/3.6.1.Final","Effective",2026-04-28T07:50:46.101Z,"System","Checkmarx automatically marked this license as Effective because it is the sole license for this package and it was identified by a reliable source."
1,"Apache 2.0",3,"org.jspecify:jspecify","1.0.0","LicenseFileInJar","https://mvnrepository.com/artifact/org.jspecify/jspecify/1.0.0","Effective",2026-04-28T07:50:46.101Z,"System","Checkmarx automatically marked this license as Effective because it is the sole license for this package and it was identified by a reliable source."
1,"Apache 2.0",3,"org.modelmapper:modelmapper","2.3.8","LicenseFileInJar","https://mvnrepository.com/artifact/org.modelmapper/modelmapper/2.3.8","Effective",2026-04-28T07:50:46.101Z,"System","Checkmarx automatically marked this license as Effective because it is the sole license for this package and it was identified by a reliable source."
1,"Apache 2.0",3,"org.objenesis:objenesis","3.3","LicenseFileInJar","https://mvnrepository.com/artifact/org.objenesis/objenesis/3.3","Effective",2026-04-28T07:50:46.101Z,"System","Checkmarx automatically marked this license as Effective because it is the sole license for this package and it was identified by a reliable source."
1,"Apache 2.0",3,"org.opentest4j:opentest4j","1.3.0","LicenseFileInJar","https://mvnrepository.com/artifact/org.opentest4j/opentest4j/1.3.0","Effective",2026-04-28T07:50:46.101Z,"System","Checkmarx automatically marked this license as Effective because it is the sole license for this package and it was identified by a reliable source."
1,"Apache 2.0",3,"org.skyscreamer:jsonassert","1.5.3","LicenseFileInJar","https://mvnrepository.com/artifact/org.skyscreamer/jsonassert/1.5.3","Effective",2026-04-28T07:50:46.101Z,"System","Checkmarx automatically marked this license as Effective because it is the sole license for this package and it was identified by a reliable source."
1,"Apache 2.0",3,"org.springdoc:springdoc-openapi-starter-webmvc-ui","2.7.0","PomFile","https://mvnrepository.com/artifact/org.springdoc/springdoc-openapi-starter-webmvc-ui/2.7.0","Effective",2026-04-28T07:50:46.101Z,"System","Checkmarx automatically marked this license as Effective because it is the sole license for this package and it was identified by a reliable source."
1,"Apache 2.0",3,"org.springframework.boot:spring-boot","3.4.6","LicenseFileInJar","https://mvnrepository.com/artifact/org.springframework.boot/spring-boot/3.4.6","Effective",2026-04-28T07:50:46.101Z,"System","Checkmarx automatically marked this license as Effective because it is the sole license for this package and it was identified by a reliable source."
1,"Apache 2.0",3,"org.springframework.boot:spring-boot-actuator","3.4.6","LicenseFileInJar","https://mvnrepository.com/artifact/org.springframework.boot/spring-boot-actuator/3.4.6","Effective",2026-04-28T07:50:46.101Z,"System","Checkmarx automatically marked this license as Effective because it is the sole license for this package and it was identified by a reliable source."
1,"Apache 2.0",3,"org.springframework.boot:spring-boot-actuator-autoconfigure","3.4.6","LicenseFileInJar","https://mvnrepository.com/artifact/org.springframework.boot/spring-boot-actuator-autoconfigure/3.4.6","Effective",2026-04-28T07:50:46.101Z,"System","Checkmarx automatically marked this license as Effective because it is the sole license for this package and it was identified by a reliable source."
1,"Apache 2.0",3,"org.springframework.boot:spring-boot-autoconfigure","3.4.6","LicenseFileInJar","https://mvnrepository.com/artifact/org.springframework.boot/spring-boot-autoconfigure/3.4.6","Effective",2026-04-28T07:50:46.101Z,"System","Checkmarx automatically marked this license as Effective because it is the sole license for this package and it was identified by a reliable source."
1,"Apache 2.0",3,"org.springframework.boot:spring-boot-configuration-processor","3.4.6","LicenseFileInJar","https://mvnrepository.com/artifact/org.springframework.boot/spring-boot-configuration-processor/3.4.6","Effective",2026-04-28T07:50:46.101Z,"System","Checkmarx automatically marked this license as Effective because it is the sole license for this package and it was identified by a reliable source."
1,"Apache 2.0",3,"org.springframework.boot:spring-boot-starter","3.4.6","PomFile","https://mvnrepository.com/artifact/org.springframework.boot/spring-boot-starter/3.4.6","Effective",2026-04-28T07:50:46.101Z,"System","Checkmarx automatically marked this license as Effective because it is the sole license for this package and it was identified by a reliable source."
1,"Apache 2.0",3,"org.springframework.boot:spring-boot-starter-actuator","3.4.6","PomFile","https://mvnrepository.com/artifact/org.springframework.boot/spring-boot-starter-actuator/3.4.6","Effective",2026-04-28T07:50:46.101Z,"System","Checkmarx automatically marked this license as Effective because it is the sole license for this package and it was identified by a reliable source."
1,"Apache 2.0",3,"org.springframework.boot:spring-boot-starter-data-jpa","3.4.6","PomFile","https://mvnrepository.com/artifact/org.springframework.boot/spring-boot-starter-data-jpa/3.4.6","Effective",2026-04-28T07:50:46.101Z,"System","Checkmarx automatically marked this license as Effective because it is the sole license for this package and it was identified by a reliable source."
1,"Apache 2.0",3,"org.springframework.boot:spring-boot-starter-jdbc","3.4.6","PomFile","https://mvnrepository.com/artifact/org.springframework.boot/spring-boot-starter-jdbc/3.4.6","Effective",2026-04-28T07:50:46.101Z,"System","Checkmarx automatically marked this license as Effective because it is the sole license for this package and it was identified by a reliable source."
1,"Apache 2.0",3,"org.springframework.boot:spring-boot-starter-json","3.4.6","PomFile","https://mvnrepository.com/artifact/org.springframework.boot/spring-boot-starter-json/3.4.6","Effective",2026-04-28T07:50:46.101Z,"System","Checkmarx automatically marked this license as Effective because it is the sole license for this package and it was identified by a reliable source."
1,"Apache 2.0",3,"org.springframework.boot:spring-boot-starter-logging","3.4.6","PomFile","https://mvnrepository.com/artifact/org.springframework.boot/spring-boot-starter-logging/3.4.6","Effective",2026-04-28T07:50:46.101Z,"System","Checkmarx automatically marked this license as Effective because it is the sole license for this package and it was identified by a reliable source."
1,"Apache 2.0",3,"org.springframework.boot:spring-boot-starter-test","3.4.6","PomFile","https://mvnrepository.com/artifact/org.springframework.boot/spring-boot-starter-test/3.4.6","Effective",2026-04-28T07:50:46.101Z,"System","Checkmarx automatically marked this license as Effective because it is the sole license for this package and it was identified by a reliable source."
1,"Apache 2.0",3,"org.springframework.boot:spring-boot-starter-tomcat","3.4.6","PomFile","https://mvnrepository.com/artifact/org.springframework.boot/spring-boot-starter-tomcat/3.4.6","Effective",2026-04-28T07:50:46.101Z,"System","Checkmarx automatically marked this license as Effective because it is the sole license for this package and it was identified by a reliable source."
1,"Apache 2.0",3,"org.springframework.boot:spring-boot-starter-validation","3.4.6","PomFile","https://mvnrepository.com/artifact/org.springframework.boot/spring-boot-starter-validation/3.4.6","Effective",2026-04-28T07:50:46.101Z,"System","Checkmarx automatically marked this license as Effective because it is the sole license for this package and it was identified by a reliable source."
1,"Apache 2.0",3,"org.springframework.boot:spring-boot-starter-web","3.4.6","PomFile","https://mvnrepository.com/artifact/org.springframework.boot/spring-boot-starter-web/3.4.6","Effective",2026-04-28T07:50:46.101Z,"System","Checkmarx automatically marked this license as Effective because it is the sole license for this package and it was identified by a reliable source."
1,"Apache 2.0",3,"org.springframework.boot:spring-boot-test","3.4.6","LicenseFileInJar","https://mvnrepository.com/artifact/org.springframework.boot/spring-boot-test/3.4.6","Effective",2026-04-28T07:50:46.101Z,"System","Checkmarx automatically marked this license as Effective because it is the sole license for this package and it was identified by a reliable source."
1,"Apache 2.0",3,"org.springframework.boot:spring-boot-test-autoconfigure","3.4.6","LicenseFileInJar","https://mvnrepository.com/artifact/org.springframework.boot/spring-boot-test-autoconfigure/3.4.6","Effective",2026-04-28T07:50:46.101Z,"System","Checkmarx automatically marked this license as Effective because it is the sole license for this package and it was identified by a reliable source."
1,"Apache 2.0",3,"org.springframework.data:spring-data-commons","3.4.6","LicenseFileInJar","https://mvnrepository.com/artifact/org.springframework.data/spring-data-commons/3.4.6","Effective",2026-04-28T07:50:46.101Z,"System","Checkmarx automatically marked this license as Effective because it is the sole license for this package and it was identified by a reliable source."
1,"Apache 2.0",3,"org.springframework.data:spring-data-jpa","3.4.6","LicenseFileInJar","https://mvnrepository.com/artifact/org.springframework.data/spring-data-jpa/3.4.6","Effective",2026-04-28T07:50:46.101Z,"System","Checkmarx automatically marked this license as Effective because it is the sole license for this package and it was identified by a reliable source."
1,"Apache 2.0",3,"org.springframework:spring-aop","6.2.7","LicenseFileInJar","https://mvnrepository.com/artifact/org.springframework/spring-aop/6.2.7","Effective",2026-04-28T07:50:46.101Z,"System","Checkmarx automatically marked this license as Effective because it is the sole license for this package and it was identified by a reliable source."
1,"Apache 2.0",3,"org.springframework:spring-aspects","6.2.7","LicenseFileInJar","https://mvnrepository.com/artifact/org.springframework/spring-aspects/6.2.7","Effective",2026-04-28T07:50:46.101Z,"System","Checkmarx automatically marked this license as Effective because it is the sole license for this package and it was identified by a reliable source."
1,"Apache 2.0",3,"org.springframework:spring-beans","6.2.17","LicenseFileInJar","https://mvnrepository.com/artifact/org.springframework/spring-beans/6.2.17","Effective",2026-04-28T07:50:46.101Z,"System","Checkmarx automatically marked this license as Effective because it is the sole license for this package and it was identified by a reliable source."
1,"Apache 2.0",3,"org.springframework:spring-context","6.2.7","LicenseFileInJar","https://mvnrepository.com/artifact/org.springframework/spring-context/6.2.7","Effective",2026-04-28T07:50:46.101Z,"System","Checkmarx automatically marked this license as Effective because it is the sole license for this package and it was identified by a reliable source."
1,"Apache 2.0",3,"org.springframework:spring-core","6.2.17","LicenseFileInJar","https://mvnrepository.com/artifact/org.springframework/spring-core/6.2.17","Effective",2026-04-28T07:50:46.101Z,"System","Checkmarx automatically marked this license as Effective because it is the sole license for this package and it was identified by a reliable source."
1,"Apache 2.0",3,"org.springframework:spring-expression","6.2.17","LicenseFileInJar","https://mvnrepository.com/artifact/org.springframework/spring-expression/6.2.17","Effective",2026-04-28T07:50:46.101Z,"System","Checkmarx automatically marked this license as Effective because it is the sole license for this package and it was identified by a reliable source."
1,"Apache 2.0",3,"org.springframework:spring-jcl","6.2.17","LicenseFileInJar","https://mvnrepository.com/artifact/org.springframework/spring-jcl/6.2.17","Effective",2026-04-28T07:50:46.101Z,"System","Checkmarx automatically marked this license as Effective because it is the sole license for this package and it was identified by a reliable source."
1,"Apache 2.0",3,"org.springframework:spring-jdbc","6.2.7","LicenseFileInJar","https://mvnrepository.com/artifact/org.springframework/spring-jdbc/6.2.7","Effective",2026-04-28T07:50:46.101Z,"System","Checkmarx automatically marked this license as Effective because it is the sole license for this package and it was identified by a reliable source."
1,"Apache 2.0",3,"org.springframework:spring-orm","6.2.7","LicenseFileInJar","https://mvnrepository.com/artifact/org.springframework/spring-orm/6.2.7","Effective",2026-04-28T07:50:46.101Z,"System","Checkmarx automatically marked this license as Effective because it is the sole license for this package and it was identified by a reliable source."
1,"Apache 2.0",3,"org.springframework:spring-test","6.2.7","LicenseFileInJar","https://mvnrepository.com/artifact/org.springframework/spring-test/6.2.7","Effective",2026-04-28T07:50:46.101Z,"System","Checkmarx automatically marked this license as Effective because it is the sole license for this package and it was identified by a reliable source."
1,"Apache 2.0",3,"org.springframework:spring-tx","6.2.7","LicenseFileInJar","https://mvnrepository.com/artifact/org.springframework/spring-tx/6.2.7","Effective",2026-04-28T07:50:46.101Z,"System","Checkmarx automatically marked this license as Effective because it is the sole license for this package and it was identified by a reliable source."
1,"Apache 2.0",3,"org.springframework:spring-web","6.2.17","LicenseFileInJar","https://mvnrepository.com/artifact/org.springframework/spring-web/6.2.17","Effective",2026-04-28T07:50:46.101Z,"System","Checkmarx automatically marked this license as Effective because it is the sole license for this package and it was identified by a reliable source."
1,"Apache 2.0",3,"org.springframework:spring-webmvc","6.2.17","LicenseFileInJar","https://mvnrepository.com/artifact/org.springframework/spring-webmvc/6.2.17","Effective",2026-04-28T07:50:46.101Z,"System","Checkmarx automatically marked this license as Effective because it is the sole license for this package and it was identified by a reliable source."
1,"Apache 2.0",3,"org.xmlunit:xmlunit-core","2.10.1","LicenseFileInJar","https://mvnrepository.com/artifact/org.xmlunit/xmlunit-core/2.10.1","Effective",2026-04-28T07:50:46.101Z,"System","Checkmarx automatically marked this license as Effective because it is the sole license for this package and it was identified by a reliable source."
1,"Apache 2.0",3,"org.yaml:snakeyaml","2.3","LicenseFileInJar","https://mvnrepository.com/artifact/org.yaml/snakeyaml/2.3","Effective",2026-04-28T07:50:46.101Z,"System","Checkmarx automatically marked this license as Effective because it is the sole license for this package and it was identified by a reliable source."
1,"Apache 2.0",3,"tools.jackson.core:jackson-core","3.1.1","LicenseFileInJar","https://mvnrepository.com/artifact/tools.jackson.core/jackson-core/3.1.1","Effective",2026-04-28T07:50:46.101Z,"System","Checkmarx automatically marked this license as Effective because it is the sole license for this package and it was identified by a reliable source."
1,"Apache 2.0",3,"tools.jackson.core:jackson-databind","3.1.0","PomFile","https://mvnrepository.com/artifact/tools.jackson.core/jackson-databind/3.1.0","Effective",2026-04-28T07:50:46.101Z,"System","Checkmarx automatically marked this license as Effective because it is the sole license for this package and it was identified by a reliable source."
1,"Apache 2.0",3,"tools.jackson.datatype:jackson-datatype-guava","3.1.0","PomFile","https://mvnrepository.com/artifact/tools.jackson.datatype/jackson-datatype-guava/3.1.0","Effective",2026-04-28T07:50:46.101Z,"System","Checkmarx automatically marked this license as Effective because it is the sole license for this package and it was identified by a reliable source."
3,"BSD 3",3,"com.google.protobuf:protobuf-java","3.25.5","LicenseFileInJar","https://mvnrepository.com/artifact/com.google.protobuf/protobuf-java/3.25.5","Effective",2026-04-28T07:50:46.101Z,"System","Checkmarx automatically marked this license as Effective because it is the sole license for this package and it was identified by a reliable source."
3,"BSD 3",3,"com.google.protobuf:protobuf-java-util","3.25.3","LicenseFileInJar","https://mvnrepository.com/artifact/com.google.protobuf/protobuf-java-util/3.25.3","Effective",2026-04-28T07:50:46.101Z,"System","Checkmarx automatically marked this license as Effective because it is the sole license for this package and it was identified by a reliable source."
3,"BSD 3",3,"org.antlr:antlr4-runtime","4.13.0","LicenseFileInJar","https://mvnrepository.com/artifact/org.antlr/antlr4-runtime/4.13.0","Effective",2026-04-28T07:50:46.101Z,"System","Checkmarx automatically marked this license as Effective because it is the sole license for this package and it was identified by a reliable source."
3,"BSD 3",3,"org.hamcrest:hamcrest","2.2","PomFile","https://mvnrepository.com/artifact/org.hamcrest/hamcrest/2.2","Effective",2026-04-28T07:50:46.101Z,"System","Checkmarx automatically marked this license as Effective because it is the sole license for this package and it was identified by a reliable source."
3,"BSD 3",3,"org.hamcrest:hamcrest-core","2.2","PomFile","https://mvnrepository.com/artifact/org.hamcrest/hamcrest-core/2.2","Effective",2026-04-28T07:50:46.101Z,"System","Checkmarx automatically marked this license as Effective because it is the sole license for this package and it was identified by a reliable source."
3,"BSD 3",3,"org.ow2.asm:asm","9.7.1","LicenseFileInJar","https://mvnrepository.com/artifact/org.ow2.asm/asm/9.7.1","Effective",2026-04-28T07:50:46.101Z,"System","Checkmarx automatically marked this license as Effective because it is the sole license for this package and it was identified by a reliable source."
0,"MIT",3,"io.cucumber:ci-environment","10.0.1","PomFile","https://mvnrepository.com/artifact/io.cucumber/ci-environment/10.0.1","Effective",2026-04-28T07:50:46.101Z,"System","Checkmarx automatically marked this license as Effective because it is the sole license for this package and it was identified by a reliable source."
0,"MIT",3,"io.cucumber:cucumber-core","7.18.0","PomFile","https://mvnrepository.com/artifact/io.cucumber/cucumber-core/7.18.0","Effective",2026-04-28T07:50:46.101Z,"System","Checkmarx automatically marked this license as Effective because it is the sole license for this package and it was identified by a reliable source."
0,"MIT",3,"io.cucumber:cucumber-expressions","17.1.0","PomFile","https://mvnrepository.com/artifact/io.cucumber/cucumber-expressions/17.1.0","Effective",2026-04-28T07:50:46.101Z,"System","Checkmarx automatically marked this license as Effective because it is the sole license for this package and it was identified by a reliable source."
0,"MIT",3,"io.cucumber:cucumber-gherkin","7.18.0","PomFile","https://mvnrepository.com/artifact/io.cucumber/cucumber-gherkin/7.18.0","Effective",2026-04-28T07:50:46.101Z,"System","Checkmarx automatically marked this license as Effective because it is the sole license for this package and it was identified by a reliable source."
0,"MIT",3,"io.cucumber:cucumber-gherkin-messages","7.18.0","PomFile","https://mvnrepository.com/artifact/io.cucumber/cucumber-gherkin-messages/7.18.0","Effective",2026-04-28T07:50:46.101Z,"System","Checkmarx automatically marked this license as Effective because it is the sole license for this package and it was identified by a reliable source."
0,"MIT",3,"io.cucumber:cucumber-java","7.18.0","PomFile","https://mvnrepository.com/artifact/io.cucumber/cucumber-java/7.18.0","Effective",2026-04-28T07:50:46.101Z,"System","Checkmarx automatically marked this license as Effective because it is the sole license for this package and it was identified by a reliable source."
0,"MIT",3,"io.cucumber:cucumber-junit","7.18.0","PomFile","https://mvnrepository.com/artifact/io.cucumber/cucumber-junit/7.18.0","Effective",2026-04-28T07:50:46.101Z,"System","Checkmarx automatically marked this license as Effective because it is the sole license for this package and it was identified by a reliable source."
0,"MIT",3,"io.cucumber:cucumber-junit-platform-engine","7.18.0","PomFile","https://mvnrepository.com/artifact/io.cucumber/cucumber-junit-platform-engine/7.18.0","Effective",2026-04-28T07:50:46.101Z,"System","Checkmarx automatically marked this license as Effective because it is the sole license for this package and it was identified by a reliable source."
0,"MIT",3,"io.cucumber:cucumber-plugin","7.18.0","PomFile","https://mvnrepository.com/artifact/io.cucumber/cucumber-plugin/7.18.0","Effective",2026-04-28T07:50:46.101Z,"System","Checkmarx automatically marked this license as Effective because it is the sole license for this package and it was identified by a reliable source."
0,"MIT",3,"io.cucumber:cucumber-spring","7.18.0","PomFile","https://mvnrepository.com/artifact/io.cucumber/cucumber-spring/7.18.0","Effective",2026-04-28T07:50:46.101Z,"System","Checkmarx automatically marked this license as Effective because it is the sole license for this package and it was identified by a reliable source."
0,"MIT",3,"io.cucumber:datatable","7.18.0","PomFile","https://mvnrepository.com/artifact/io.cucumber/datatable/7.18.0","Effective",2026-04-28T07:50:46.101Z,"System","Checkmarx automatically marked this license as Effective because it is the sole license for this package and it was identified by a reliable source."
0,"MIT",3,"io.cucumber:docstring","7.18.0","PomFile","https://mvnrepository.com/artifact/io.cucumber/docstring/7.18.0","Effective",2026-04-28T07:50:46.101Z,"System","Checkmarx automatically marked this license as Effective because it is the sole license for this package and it was identified by a reliable source."
0,"MIT",3,"io.cucumber:gherkin","28.0.0","PomFile","https://mvnrepository.com/artifact/io.cucumber/gherkin/28.0.0","Effective",2026-04-28T07:50:46.101Z,"System","Checkmarx automatically marked this license as Effective because it is the sole license for this package and it was identified by a reliable source."
0,"MIT",3,"io.cucumber:html-formatter","21.3.1","PomFile","https://mvnrepository.com/artifact/io.cucumber/html-formatter/21.3.1","Effective",2026-04-28T07:50:46.101Z,"System","Checkmarx automatically marked this license as Effective because it is the sole license for this package and it was identified by a reliable source."
0,"MIT",3,"io.cucumber:junit-xml-formatter","0.4.0","PomFile","https://mvnrepository.com/artifact/io.cucumber/junit-xml-formatter/0.4.0","Effective",2026-04-28T07:50:46.101Z,"System","Checkmarx automatically marked this license as Effective because it is the sole license for this package and it was identified by a reliable source."
0,"MIT",3,"io.cucumber:messages","24.1.0","PomFile","https://mvnrepository.com/artifact/io.cucumber/messages/24.1.0","Effective",2026-04-28T07:50:46.101Z,"System","Checkmarx automatically marked this license as Effective because it is the sole license for this package and it was identified by a reliable source."
0,"MIT",3,"io.cucumber:query","12.1.2","PomFile","https://mvnrepository.com/artifact/io.cucumber/query/12.1.2","Effective",2026-04-28T07:50:46.101Z,"System","Checkmarx automatically marked this license as Effective because it is the sole license for this package and it was identified by a reliable source."
0,"MIT",3,"io.cucumber:tag-expressions","6.1.0","PomFile","https://mvnrepository.com/artifact/io.cucumber/tag-expressions/6.1.0","Effective",2026-04-28T07:50:46.101Z,"System","Checkmarx automatically marked this license as Effective because it is the sole license for this package and it was identified by a reliable source."
0,"MIT",3,"io.cucumber:testng-xml-formatter","0.1.0","PomFile","https://mvnrepository.com/artifact/io.cucumber/testng-xml-formatter/0.1.0","Effective",2026-04-28T07:50:46.101Z,"System","Checkmarx automatically marked this license as Effective because it is the sole license for this package and it was identified by a reliable source."
0,"MIT",3,"io.hypersistence:hypersistence-tsid","2.1.1","LicenseFileInJar","https://mvnrepository.com/artifact/io.hypersistence/hypersistence-tsid/2.1.1","Effective",2026-04-28T07:50:46.101Z,"System","Checkmarx automatically marked this license as Effective because it is the sole license for this package and it was identified by a reliable source."
0,"MIT",3,"org.checkerframework:checker-qual","3.42.0","PomFile","https://mvnrepository.com/artifact/org.checkerframework/checker-qual/3.42.0","Effective",2026-04-28T07:50:46.101Z,"System","Checkmarx automatically marked this license as Effective because it is the sole license for this package and it was identified by a reliable source."
0,"MIT",3,"org.codehaus.mojo:animal-sniffer-annotations","1.24","PomFile","https://mvnrepository.com/artifact/org.codehaus.mojo/animal-sniffer-annotations/1.24","Effective",2026-04-28T07:50:46.101Z,"System","Checkmarx automatically marked this license as Effective because it is the sole license for this package and it was identified by a reliable source."
0,"MIT",3,"org.mockito:mockito-core","5.14.2","LicenseFileInJar","https://mvnrepository.com/artifact/org.mockito/mockito-core/5.14.2","Effective",2026-04-28T07:50:46.101Z,"System","Checkmarx automatically marked this license as Effective because it is the sole license for this package and it was identified by a reliable source."
0,"MIT",3,"org.mockito:mockito-junit-jupiter","5.14.2","LicenseFileInJar","https://mvnrepository.com/artifact/org.mockito/mockito-junit-jupiter/5.14.2","Effective",2026-04-28T07:50:46.101Z,"System","Checkmarx automatically marked this license as Effective because it is the sole license for this package and it was identified by a reliable source."
0,"MIT",3,"org.projectlombok:lombok","1.18.34","LicenseFileInJar","https://mvnrepository.com/artifact/org.projectlombok/lombok/1.18.34","Effective",2026-04-28T07:50:46.101Z,"System","Checkmarx automatically marked this license as Effective because it is the sole license for this package and it was identified by a reliable source."
0,"MIT",3,"org.slf4j:jul-to-slf4j","2.0.17","LicenseFileInJar","https://mvnrepository.com/artifact/org.slf4j/jul-to-slf4j/2.0.17","Effective",2026-04-28T07:50:46.101Z,"System","Checkmarx automatically marked this license as Effective because it is the sole license for this package and it was identified by a reliable source."
0,"MIT",3,"org.slf4j:slf4j-api","2.0.17","LicenseFileInJar","https://mvnrepository.com/artifact/org.slf4j/slf4j-api/2.0.17","Effective",2026-04-28T07:50:46.101Z,"System","Checkmarx automatically marked this license as Effective because it is the sole license for this package and it was identified by a reliable source."
4,"BSD 2",3,"org.postgresql:postgresql","42.7.3","PomFile","https://mvnrepository.com/artifact/org.postgresql/postgresql/42.7.3","Effective",2026-04-28T07:50:46.101Z,"System","Checkmarx automatically marked this license as Effective because it is the sole license for this package and it was identified by a reliable source."
28,"Public Domain",2,"org.latencyutils:LatencyUtils","2.0.3","LicenseFileInJar","https://mvnrepository.com/artifact/org.latencyutils/LatencyUtils/2.0.3","Effective",2026-04-28T07:50:46.101Z,"System","Checkmarx automatically marked this license as Effective because it is the sole license for this package and it was identified by a reliable source."
